[
  {
    "id": "yt_001",
    "type": "youtube",
    "title": "U16 Guard goes off for 28",
    "url": "https://www.youtube.com/watch?v=dQw4w9WgXcQ",
    "thumb": "https://img.youtube.com/vi/dQw4w9WgXcQ/hqdefault.jpg",
    "meta": "U16 • London Showcase"
  },
  {
    "id": "tt_001",
    "type": "tiktok",
    "title": "Insane chase-down block",
    "url": "https://www.tiktok.com/@olusports/video/7350000000000000000",
    "thumb": "/img/placeholders/tiktok.jpg",
    "meta": "U14 • Midlands"
  }
]
